{
  "productName": "Google Chrome",
  "productVendor": "Google, Inc.",
  "productVersion": "68.0.3440.106",
  "platform": "windows",
  "systemRequirements": {
    "requires32BitSystem": false,
    "requires64BitSystem": true,
    "minSpaceRequiredInKB": 51200,
    "minMemoryRequiredInKB": 51200,
    "operatingSystemIds": [
      1,
      2,
      4,
      6,
      7,
      8
    ]
  },
  "requiredSoftware": {
    "andFlag": true,
    "subGroups": [
      {
        "filter": {
          "field": "installed_application_name",
          "value": "Google Chrome",
          "operator": "contains"
        }
      }
    ]
  },
  "updateDetection": {
    "andFlag": true,
    "subGroups": [
      {
        "filter": {
          "field": "file_path",
          "value": "C:\\Program Files (x86)\\Google\\Chrome\\Application",
          "operator": "exist"
        }
      }
    ]
  },
  "deployOperations": [
    {
      "name": "Install",
      "type": "install",
      "requireFiles": true,
      "steps": [
        {
          "type": "command",
          "commandName": "Install",
          "commandLine": "msiexec.exe /I \"googlechromestandaloneenterprise64.msi\" /QN",
          "commandUser": "system",
          "commandTimeoutInMinutes": 5,
          "successCodes": [
            "0",
            "3010"
          ],
          "onFail": "exit"
        }
      ]
    },
    {
      "name": "Update",
      "type": "update",
      "requireFiles": true,
      "steps": [
        {
          "type": "process",
          "processAction": "kill",
          "onFail": "exit",
          "processName": "chrome.exe"
        },
        {
          "type": "command",
          "successCodes": [
            "0",
            "3010"
          ],
          "onFail": "exit",
          "commandUser": "system",
          "commandTimeoutInMinutes": 10,
          "commandName": "Install",
          "commandLine": "msiexec.exe /I \"googlechromestandaloneenterprise64.msi\" /QN"
        }
      ]
    },
    {
      "name": "Remove",
      "type": "remove",
      "requireFiles": false,
      "steps": [
        {
          "type": "command",
          "commandName": "Remove",
          "commandLine": "msiexec.exe /X {3504AEE9-2997-371B-BA00-55BCB4760193} /QN",
          "commandUser": "system",
          "commandTimeoutInMinutes": 5,
          "successCodes": [
            0
          ],
          "onFail": "exit"
        },
        {
          "type": "process",
          "processAction": "kill",
          "onFail": "exit",
          "processName": "chrome.exe"
        },
        {
          "type": "command",
          "commandName": "Remove",
          "commandLine": "msiexec.exe /X {6BE8C6A1-54E8-312E-A876-FF27463F3324} /QN",
          "commandUser": "system",
          "commandTimeoutInMinutes": 5,
          "successCodes": [
            0
          ],
          "onFail": "exit"
        }
      ]
    }
  ],
  "installVerification": {
    "andFlag": true,
    "subGroups": [
      {
        "filter": {
          "field": "file_path",
          "value": "C:\\Program Files (x86)\\Google\\Chrome\\Application\\68.0.3440.106",
          "operator": "exist"
        }
      }
    ]
  },
  "applicabilityCounts": {
    "installedCount": 10,
    "installEligibleCount": 0,
    "updateEligibleCount": 0,
    "notApplicableCount": 0,
    "updateIneligibleCount": 0,
    "updatedAt": "2018-08-10T13:45:10.568Z"
  },
  "hasBeenDistributed": true,
  "files": [
    {
      "name": "GoogleChromeStandaloneEnterprise64.msi",
      "size": 52466176,
      "sha256": "4ba14ad1338b3b0ce7f537b9bddbf019024c4bf24a2e73f5fbf35307cb8fdb11",
      "type": "local-file"
    }
  ],
  "createdByTaniumUserId": 1,
  "id": 3,
  "currentSoftwarePackageEditId": 13,
  "createdAt": "2018-05-31T20:19:20.884Z"
}